Job ID,Job URL,Job Title,Company Name,Status,Timestamp,WP ID
b812df8c3c7c72e9,https://uk.linkedin.com/jobs/view/employment-opportunities-at-full-service-property-management-4449976980,Employment Opportunities,Full Service Property Management,failed|wp_post_failed,2026-08-07T17:53:35.127189,
e17886c2e0c1ea70,https://uk.linkedin.com/jobs/view/optimize-at-yemma-4448588217,Optimize,,scraped,2026-08-07T17:53:37.678922,
49ff10f2f4053b47,https://uk.linkedin.com/jobs/view/expression-of-interest-careers-at-bedford-group-4450072461,Expression of Interest - Careers,Bedford Group,failed|wp_post_failed,2026-08-07T17:54:02.039885,
1a49441b156f916f,https://uk.linkedin.com/jobs/view/the-ledbury-at-my-baristyle-4449439642,The Ledbury,My Baristyle,failed|wp_post_failed,2026-08-07T17:54:19.161683,
e72637176f63afd3,https://uk.linkedin.com/jobs/view/share-at-yemma-4448580507,Share,,scraped,2026-08-07T17:54:21.731042,
d51895cff1e92f5e,https://uk.linkedin.com/jobs/view/jobs-and-career-at-prominent-uk-ireland-4450088733,Jobs and Career,,scraped,2026-08-07T17:54:27.605922,
e3fb10c8e939b475,https://uk.linkedin.com/jobs/view/car-rentals-at-carrentalrating-com-4448023155,Car Rentals,CarRentalRating.com,failed|wp_post_failed,2026-08-07T17:54:50.876511,
edb5a25235c8702f,https://uk.linkedin.com/jobs/view/postperson-with-driving-at-royal-mail-4427854899,Postperson with Driving,,scraped,2026-08-07T17:54:53.408788,
df22623653003e4f,https://uk.linkedin.com/jobs/view/shutlify-at-twitan-com-4449084820,Shutlify,Twitan.com,failed|wp_post_failed,2026-08-07T17:55:16.082860,
86f96caf5d16bc85,https://uk.linkedin.com/jobs/view/come-work-with-us%21-at-fedmet-llc-4449416071,Come Work With Us!,FedMet LLC,failed|wp_post_failed,2026-08-07T17:55:32.884614,
101131c21ec5698c,https://uk.linkedin.com/jobs/view/business-management-at-quizzly-ai-4449082129,Business & Management,,scraped,2026-08-07T17:55:35.615614,
7d30c86e3f397df7,https://uk.linkedin.com/jobs/view/runner-at-heartwood-collection-4447567734,Runner,,scraped,2026-08-07T17:55:41.910780,
1aa14e13941c1338,https://uk.linkedin.com/jobs/view/bakery-team-member-at-cornish-bakery-4446653803,Bakery Team Member,,scraped,2026-08-07T17:55:49.268820,
7214caec81f96739,https://uk.linkedin.com/jobs/view/a-glimpse-of-the-pool-at-seo-4450655848,A glimpse of the pool,SEO,failed|wp_post_failed,2026-08-07T17:56:11.868699,
80f7d9c01dfa48a9,https://uk.linkedin.com/jobs/view/current-openings-at-east-coast-recovery-4449348019,Current Openings,,scraped,2026-08-07T17:56:14.478550,
8c6e86cb260f8729,https://uk.linkedin.com/jobs/view/scheduler-at-greenthumb-ltd-4446663246,Scheduler,,scraped,2026-08-07T17:56:21.888918,
3e67d498d970706e,https://uk.linkedin.com/jobs/view/wanted-jobs-at-stratvantage-consulting-4449646232,Wanted Jobs,StratVantage Consulting,failed|wp_post_failed,2026-08-07T17:56:42.360628,
b068fc5881a932f0,https://uk.linkedin.com/jobs/view/bakery-team-member-at-cornish-bakery-4450088482,Bakery Team Member,,scraped,2026-08-07T17:56:44.970709,
0a718513feb2d7c1,https://uk.linkedin.com/jobs/view/ranger-at-westtech-home-automation-llc-4449656110,Ranger,"WestTech Home Automation, LLC",failed|wp_post_failed,2026-08-07T17:57:07.303010,
c846e381cbf33cf5,https://uk.linkedin.com/jobs/view/billing-specialist-at-all-for-won-4449944650,Billing Specialist,All For Won,failed|wp_post_failed,2026-08-07T17:57:24.385897,
6d85220b52c7e088,https://uk.linkedin.com/jobs/view/covalflow-at-covaltech-4449619866,CovalFlow,,scraped,2026-08-07T17:57:26.979970,
99717ff3e6dbfe53,https://uk.linkedin.com/jobs/view/water-operator-wtpo-level-2-at-eastsound-water-4447606069,Water Operator WTPO Level 2,Eastsound Water,failed|wp_post_failed,2026-08-07T17:57:48.619774,
8cf49d94bfd2894e,https://uk.linkedin.com/jobs/view/caretaker-at-star-academies-4447912266,Caretaker,Star Academies,failed|wp_post_failed,2026-08-07T17:58:11.611876,
4d862055c04fec1f,https://uk.linkedin.com/jobs/view/opportunities-coming-soon-at-sparkhour-4448902415,Opportunities Coming Soon,SparkHour,failed|wp_post_failed,2026-08-07T17:58:28.962016,
d94e274385d31b54,https://uk.linkedin.com/jobs/view/metaview-at-build-fast-with-ai-4449471010,Metaview,,scraped,2026-08-07T17:58:31.545905,
994addc5eec3cbbe,https://uk.linkedin.com/jobs/view/go-ahead-london-at-kent-country-4448931425,Go-Ahead London,Kent Country,failed|wp_post_failed,2026-08-07T17:58:52.615732,
e1f9888425cbacd6,https://uk.linkedin.com/jobs/view/send-us-your-cv-at-nibrasec-4448580983,Send us your CV,,scraped,2026-08-07T17:58:55.168042,
7aacb4a5183feaba,https://uk.linkedin.com/jobs/view/openings-at-marlborough-public-schools-at-marlborough-council-on-aging-4449906221,Openings at Marlborough Public Schools,Marlborough Council On Aging,failed|wp_post_failed,2026-08-07T17:59:17.263506,
9fa327f4266d946e,https://uk.linkedin.com/jobs/view/facilities-operative-at-yeo-valley-production-ltd-4445984128,Facilities Operative,,scraped,2026-08-07T17:59:19.989317,
2ff92016e594b1f2,https://uk.linkedin.com/jobs/view/rice-delivery-driver-at-gaspi-4448951706,Rice Delivery Driver,GASPI,failed|wp_post_failed,2026-08-07T17:59:43.158770,
d185221c4cb686f6,https://uk.linkedin.com/jobs/view/driver-at-inspired-villages-4449050812,Driver,,scraped,2026-08-07T17:59:47.997691,
5324fee5868a49de,https://uk.linkedin.com/jobs/view/estimator-at-mtrec-recruitment-4447742407,Estimator,,scraped,2026-08-07T17:59:55.107956,
68d6f85b6d9950e6,https://uk.linkedin.com/jobs/view/mobile-branch-colleague-at-timpson-group-4449963935,Mobile Branch Colleague,Timpson Group,failed|wp_post_failed,2026-08-07T18:00:18.952809,
872bb21883f58d41,https://uk.linkedin.com/jobs/view/various-see-all-open-%0A%40-luigi%E2%80%99s-box-at-neulogy-ventures-4450304847,"Various (see all open)
@ Luigi’s Box",,scraped,2026-08-07T18:00:21.600854,
e711321e67abc4f9,https://uk.linkedin.com/jobs/view/no-open-roles-right-now-at-taskeeu-formerly-selbolt-4447694551,No open roles right now,,scraped,2026-08-07T18:00:31.134014,
cad9b4738dcb9f58,https://uk.linkedin.com/jobs/view/we-re-not-actively-hiring-at-civra-4449480243,We're not actively hiring.,CIVRA,failed|wp_post_failed,2026-08-07T18:00:52.019916,
1bf55b021e92a493,https://uk.linkedin.com/jobs/view/timewriter-at-bilfinger-uk-4436603266,Timewriter,Bilfinger UK,failed|wp_post_failed,2026-08-07T18:01:14.163961,
9c14674f9985e6bf,https://uk.linkedin.com/jobs/view/career-opportunities-at-quantum-group-security-services-4448559709,Career Opportunities,,scraped,2026-08-07T18:01:16.911501,
4b9ab12fc9f1625a,https://uk.linkedin.com/jobs/view/%F0%9F%8C%B1-if-you-think-you-ve-got-what-it-takes-at-remora-technologies-limited-4449496000,🌱 If you think you've got what it takes...,Remora Technologies Limited,failed|wp_post_failed,2026-08-07T18:01:46.632056,
a3da8376bfe1ebbc,https://uk.linkedin.com/jobs/view/scrapewire-at-hdgforge-4449429230,ScrapeWire,HDGForge,failed|wp_post_failed,2026-08-07T18:02:04.942094,
3c087fc39480c161,https://uk.linkedin.com/jobs/view/earn-full-time-pay-working-4-on4off-%C2%A350-attendanc-at-kingdom-services-group-ltd-4449744789,Earn Full Time Pay Working 4 on4off (£50 attendanc,,scraped,2026-08-07T18:02:07.578730,
178af3fc6d5c40e6,https://uk.linkedin.com/jobs/view/pull-notifier-at-all-ai-directory-4450068030,Pull Notifier,All Ai Directory,failed|wp_post_failed,2026-08-07T18:02:29.671744,
cadba3627cee69b9,https://uk.linkedin.com/jobs/view/school-caretaker-at-suffolk-jobs-direct-4448764833,School Caretaker,Suffolk Jobs Direct,failed|wp_post_failed,2026-08-07T18:02:46.710448,
8e1b981767a7c328,https://uk.linkedin.com/jobs/view/all-vacancies-at-hiwin-schweiz-gmbh-4449094114,All vacancies,,scraped,2026-08-07T18:02:49.205944,
bddfc5779814108f,https://uk.linkedin.com/jobs/view/refuse-collectors-at-coventry-city-council-4448302069,Refuse Collectors,,scraped,2026-08-07T18:03:00.192258,
57b62217e0e644f4,https://uk.linkedin.com/jobs/view/hygiene-service-technician-at-rentokil-initial-careers-4449618438,Hygiene Service Technician,,scraped,2026-08-07T18:03:07.538243,
bf0252f9338ee6ca,https://uk.linkedin.com/jobs/view/mobile-branch-colleague-at-timpson-group-4449964789,Mobile Branch Colleague,Timpson Group,failed|wp_post_failed,2026-08-07T18:03:29.972507,
987aadccd3685220,https://uk.linkedin.com/jobs/view/housekeeper-at-young-s-pubs-4447596032,Housekeeper,,scraped,2026-08-07T18:03:32.565391,
3fce5705139f3a03,https://uk.linkedin.com/jobs/view/how-ats-systems-really-work-in-2026%3F-at-xorvex-4449136251,How ATS Systems Really Work in 2026?,Xorvex,failed|wp_post_failed,2026-08-07T18:03:54.021235,
e883d66b11fc0e53,https://uk.linkedin.com/jobs/view/jaguar-land-rover-facility-support-at-sytner-group-4448019409,Jaguar Land Rover Facility Support,,scraped,2026-08-07T18:03:56.657656,
c7f1cd3422c9c67f,https://uk.linkedin.com/jobs/view/hygiene-operator-at-samworth-brothers-4448176317,Hygiene Operator,,scraped,2026-08-07T18:04:03.760606,
4d0e93a12016e8a9,https://uk.linkedin.com/jobs/view/%D1%82%D0%B0%D0%BC-%D0%B3%D0%B4%D0%B5-%D0%B7%D0%B0%D0%BC%D0%BE%D0%BB%D0%BA%D0%B0%D1%8E%D1%82-%D0%BF%D1%82%D0%B8%D1%86%D1%8B-at-ouba-4448984854,"Там, где замолкают птицы.",Ouba,failed|wp_post_failed,2026-08-07T18:04:26.206640,
411aa5bc65843112,https://uk.linkedin.com/jobs/view/position-title-at-access-home-health-4448832203,Position Title,Access Home Health,failed|wp_post_failed,2026-08-07T18:04:44.152518,
05ee8291cfc5fbf1,https://uk.linkedin.com/jobs/view/estimator-at-hireful-4449444525,Estimator,,scraped,2026-08-07T18:04:46.793435,
820962a9b3094c67,https://uk.linkedin.com/jobs/view/allbirds-at-apply-coop-4448010873,Allbirds,apply.coop,failed|wp_post_failed,2026-08-07T18:05:08.168764,
feea4608f59a3155,https://uk.linkedin.com/jobs/view/housekeeper-at-st-austell-brewery-4448367470,Housekeeper,,scraped,2026-08-07T18:05:10.700878,
da792bae9e831884,https://uk.linkedin.com/jobs/view/examinations-and-data-officer-at-wmjobs-4448924926,Examinations and Data Officer,,scraped,2026-08-07T18:05:17.354411,
6b32b3097ed2ab11,https://uk.linkedin.com/jobs/view/incumbent-house-for-duty-of-weetslade-at-do-something-you-believe-in-4450329850,Incumbent (House for Duty) of Weetslade,Do Something You Believe In,failed|wp_post_failed,2026-08-07T18:05:41.761089,
23ee52df7d64182c,https://uk.linkedin.com/jobs/view/family-support-coordinator-at-family-focus-staffordshire-4449049184,Family Support Coordinator,,scraped,2026-08-07T18:05:44.539401,
7e2c734cd20d6fd3,https://uk.linkedin.com/jobs/view/we%E2%80%99re-hiring%21-%E2%80%93-update-06-01-we-are-not-hiring%21-thank-you-to-all-who-showed-interest-at-green-eggs-and-ram-4449635799,We’re Hiring! – update 06/01- we are not hiring! ;-) thank you to all who showed interest,Green Eggs and RAM,failed|wp_post_failed,2026-08-07T18:06:10.692205,
240483ec7456e536,https://uk.linkedin.com/jobs/view/prison-support-hmp-the-verne-and-hmp-portland-at-hm-prison-and-probation-service-hmpps-4448704167,Prison Support - HMP The Verne and HMP Portland,,scraped,2026-08-07T18:06:13.325574,
c51381190d8d1f7b,https://uk.linkedin.com/jobs/view/community-highways-officer-at-dorset-council-4448488489,Community Highways Officer,Dorset Council,failed|wp_post_failed,2026-08-07T18:06:35.651211,
558b8e6db61ef830,https://uk.linkedin.com/jobs/view/our-careers-at-sensys-gatso-netherlands-bv-4448774546,Our careers,,scraped,2026-08-07T18:06:38.332315,
232756ce9577e866,https://uk.linkedin.com/jobs/view/working-at-shah-cement-at-shah-cement-industries-ltd-4447327207,WORKING AT SHAH CEMENT,Shah Cement Industries Ltd,failed|wp_post_failed,2026-08-07T18:07:00.575338,
a54c91000604fa0c,https://uk.linkedin.com/jobs/view/prison-support-hmp-the-verne-and-hmp-portland-at-hm-prison-and-probation-service-hmpps-4448496354,Prison Support - HMP The Verne and HMP Portland,,scraped,2026-08-07T18:07:03.286760,
22af9f1851157653,https://uk.linkedin.com/jobs/view/progress-chaser-at-pentagon-mazda-4449031439,Progress chaser,Pentagon Mazda,failed|wp_post_failed,2026-08-07T18:07:23.359834,
27d8f23d17416c9f,https://uk.linkedin.com/jobs/view/early-years-enquiry-at-tempest-photography-4448773825,Early Years Enquiry,Tempest Photography,failed|wp_post_failed,2026-08-07T18:07:45.595432,
70f58a679942eedb,https://uk.linkedin.com/jobs/view/cv-upload-manchester-depot-at-crowfoots-carriers-limited-4447898912,CV Upload - Manchester Depot,,scraped,2026-08-07T18:07:48.258338,
7e63ba5b5afb561c,https://uk.linkedin.com/jobs/view/porter-at-ocs-4448867384,Porter,OCS,failed|wp_post_failed,2026-08-07T18:08:10.713786,
44fe97c48d9dedc7,https://uk.linkedin.com/jobs/view/maintenance-person-at-priory-4449601478,Maintenance Person,,scraped,2026-08-07T18:08:13.402131,
49f63951b4ea8a27,https://uk.linkedin.com/jobs/view/home-delivery-driver-at-iceland-foods-4447791640,Home Delivery Driver,,scraped,2026-08-07T18:08:20.592186,
4668216335662617,https://uk.linkedin.com/jobs/view/weekend-street-cleanser-driver-at-huntingdonshire-district-council-4448411184,Weekend Street Cleanser/Driver,,scraped,2026-08-07T18:08:31.526682,
802888131771b777,https://uk.linkedin.com/jobs/view/town-ranger-at-suffolk-jobs-direct-4450245090,Town Ranger,Suffolk Jobs Direct,failed|wp_post_failed,2026-08-07T18:08:54.653313,
f1883c9b178a15e7,https://uk.linkedin.com/jobs/view/lead-reactivation-at-flowops-studio-4449482488,Lead Reactivation,FlowOps Studio,failed|wp_post_failed,2026-08-07T18:09:12.213104,
b561e22141573449,https://uk.linkedin.com/jobs/view/how-ai-is-reshaping-higher-education-program-discovery-at-cameron-newspapers-citizen-observer-cameron-shopper-4448925569,How AI is reshaping higher education program discovery,Cameron Newspapers | Citizen Observer &amp; Cameron Shopper,failed|wp_post_failed,2026-08-07T18:09:28.910928,
4a3def1156a90233,https://uk.linkedin.com/jobs/view/data-processor-at-steele-construction-services-4448605230,Data Processor,Steele Construction Services,failed|wp_post_failed,2026-08-07T18:09:45.963323,
cf1c22c5fb8fd326,https://uk.linkedin.com/jobs/view/reliagent-at-hdgforge-4449419933,ReliAgent,HDGForge,failed|wp_post_failed,2026-08-07T18:10:04.067803,
d92a2615aaf0921f,https://uk.linkedin.com/jobs/view/travel-consultant-at-trailfinders-4427553854,Travel Consultant,,scraped,2026-08-07T18:10:06.828095,
186490d78072584e,https://uk.linkedin.com/jobs/view/labourers-at-moore-masonry-services-ltd-4449966328,Labourers,,scraped,2026-08-07T18:10:13.148483,
875ccf8f3c32b053,https://uk.linkedin.com/jobs/view/postperson-with-driving-at-royal-mail-4400461087,Postperson with Driving,,scraped,2026-08-07T18:10:22.409567,
385f69f0300ff168,https://uk.linkedin.com/jobs/view/postperson-with-driving-at-royal-mail-4223421438,Postperson with Driving,,scraped,2026-08-07T18:10:31.660245,
9535f72a037d2100,https://uk.linkedin.com/jobs/view/delivery-driver-at-papa-johns-4414717846,Delivery Driver,Papa Johns,failed|wp_post_failed,2026-08-07T18:10:53.354947,
a8acb4708d63b929,https://uk.linkedin.com/jobs/view/postal-delivery-driver-postie-at-royal-mail-4448016371,Postal Delivery Driver (Postie),,scraped,2026-08-07T18:10:56.125303,
6ecab86e078da2a2,https://uk.linkedin.com/jobs/view/water-operator-wtpo-level-1-at-eastsound-water-4447493871,Water Operator WTPO Level 1,Eastsound Water,failed|wp_post_failed,2026-08-07T18:11:17.280502,
ee0c285955ffef8b,https://uk.linkedin.com/jobs/view/argus-car-hire-at-carrentalrating-com-4448013093,Argus Car Hire,CarRentalRating.com,failed|wp_post_failed,2026-08-07T18:11:34.535273,
d188111bfa411d26,https://uk.linkedin.com/jobs/view/delivery-driver-at-papa-johns-4414734102,Delivery Driver,Papa Johns,failed|wp_post_failed,2026-08-07T18:11:52.428655,
7ca9dea971a2e84c,https://uk.linkedin.com/jobs/view/bakery-team-member-at-cornish-bakery-4449208001,Bakery Team Member,,scraped,2026-08-07T18:11:55.254891,
0d85e02eb4b8bf3a,https://uk.linkedin.com/jobs/view/delivery-driver-at-papa-johns-4414726623,Delivery Driver,Papa Johns,failed|wp_post_failed,2026-08-07T18:12:17.406806,
5bfc0978b457b637,https://uk.linkedin.com/jobs/view/delivery-driver-at-papa-johns-4438343655,Delivery Driver,Papa Johns,failed|wp_post_failed,2026-08-07T18:12:34.294384,
696a9f4305d598e9,https://uk.linkedin.com/jobs/view/bakery-team-member-at-cornish-bakery-4448440093,Bakery Team Member,,scraped,2026-08-07T18:12:36.999057,
d8356ed5c9ae040e,https://uk.linkedin.com/jobs/view/roadside-rescue-patrol-dumfries-galloway-at-the-aa-4370626005,Roadside Rescue Patrol - Dumfries & Galloway,,scraped,2026-08-07T18:12:44.309688,
27501c12c8a0a49b,https://uk.linkedin.com/jobs/view/postperson-with-driving-at-royal-mail-4448411696,Postperson with Driving,,scraped,2026-08-07T18:12:51.552310,
1037a12df974140c,https://uk.linkedin.com/jobs/view/roadside-rescue-patrol-south-west-wales-at-the-aa-4429677800,Roadside Rescue Patrol - South West Wales,,scraped,2026-08-07T18:12:57.935323,
2f69e435bc277330,https://uk.linkedin.com/jobs/view/postal-delivery-driver-at-royal-mail-4446643510,Postal Delivery Driver,,scraped,2026-08-07T18:13:05.769664,
09db6662da643b98,https://uk.linkedin.com/jobs/view/delivery-driver-at-papa-johns-4414721678,Delivery Driver,Papa Johns,failed|wp_post_failed,2026-08-07T18:13:27.118668,
09a72c66a7db49c6,https://uk.linkedin.com/jobs/view/delivery-driver-at-papa-johns-4414733138,Delivery Driver,Papa Johns,scraped,2026-08-07T18:13:31.424889,
b46be1fb9d994cf7,https://uk.linkedin.com/jobs/view/dispenser-at-boots-uk-4449000963,Dispenser,Boots UK,failed|wp_post_failed,2026-08-07T18:14:26.980977,
d59a7194ae7de135,https://uk.linkedin.com/jobs/view/postal-delivery-driver-at-royal-mail-4446653251,Postal Delivery Driver,,scraped,2026-08-07T18:14:29.775149,
c5b9090b62d68b7a,https://uk.linkedin.com/jobs/view/dispenser-at-boots-uk-4449653846,Dispenser,Boots UK,failed|wp_post_failed,2026-08-07T18:15:28.088754,
dae3a3fc4e28860c,https://uk.linkedin.com/jobs/view/noa-technologies-at-no-quarter-4450015906,Noa Technologies,,scraped,2026-08-07T18:15:31.019630,
945f123497fd9736,https://uk.linkedin.com/jobs/view/hearing-aid-dispenser-at-specsavers-4450612289,Hearing Aid Dispenser,,scraped,2026-08-07T18:15:36.971555,
a1365ce5b0b65dbe,https://uk.linkedin.com/jobs/view/delivery-driver-at-papa-johns-4414720783,Delivery Driver,Papa Johns,failed|wp_post_failed,2026-08-07T18:15:58.425958,
d335057ad3f50fb0,https://uk.linkedin.com/jobs/view/relief-porter-at-nhs-ayrshire-arran-4448456481,Relief Porter,,scraped,2026-08-07T18:16:01.186767,
714a1b0bf7061760,https://uk.linkedin.com/jobs/view/picker-at-booker-4447990710,Picker,,scraped,2026-08-07T18:16:09.888075,
4e931d15a74c7803,https://uk.linkedin.com/jobs/view/home-delivery-driver-at-iceland-foods-4449358553,Home Delivery Driver,,scraped,2026-08-07T18:16:17.373075,
f65ad1d86a47ac30,https://uk.linkedin.com/jobs/view/caretaker-at-ocs-4447722468,Caretaker,OCS,failed|wp_post_failed,2026-08-07T18:16:44.536161,
a432c1eaa37dc3b1,https://uk.linkedin.com/jobs/view/valeter-at-arnold-clark-4449109491,Valeter,,scraped,2026-08-07T18:16:47.204643,
097f5ce0c01d07e7,https://uk.linkedin.com/jobs/view/estimator-at-careermakers-recruitment-ltd-4447752276,Estimator,,scraped,2026-08-07T18:16:54.739749,
50a9cb6113150823,https://uk.linkedin.com/jobs/view/water-service-technician-at-orleans-police-4445577996,Water Service Technician,Orleans Police,failed|wp_post_failed,2026-08-07T18:17:25.121945,
84491907effd1763,https://uk.linkedin.com/jobs/view/the-ai-optimization-playbook-at-inbrief-ai-4447306624,The AI Optimization Playbook,InBrief.ai,failed|wp_post_failed,2026-08-07T18:17:43.448145,
90200390a6013cc1,https://uk.linkedin.com/jobs/view/maintenance-operative-at-steyn-group-4448609761,Maintenance Operative,,scraped,2026-08-07T18:17:46.275872,
4620345a2552a07b,https://uk.linkedin.com/jobs/view/here-at-holistic-4450053547,here,Holistic,failed|wp_post_failed,2026-08-07T18:18:08.523450,
d937cb1ae76d309b,https://uk.linkedin.com/jobs/view/eue-on-the-loose-at-powering-change-team-million-makers-4449473931,Eue On The Loose,Powering Change Team - Million Makers,failed|wp_post_failed,2026-08-07T18:18:26.322964,
4ea5c0a28fd05074,https://uk.linkedin.com/jobs/view/parcelforce-collection-delivery-driver-at-parcelforce-worldwide-4438724070,Parcelforce Collection & Delivery Driver,Parcelforce Worldwide,failed|wp_post_failed,2026-08-07T18:18:47.074335,
dff64f6010cd06a7,https://uk.linkedin.com/jobs/view/property-visiting-officer-at-local-government-south-east-4448938016,Property Visiting Officer,,scraped,2026-08-07T18:18:49.886572,
6f08b6fd1f189afd,https://uk.linkedin.com/jobs/view/discreet-fast-evidence-that-helps-protect-at-peoples-defence-4449446630,DISCREET. FAST. EVIDENCE THAT HELPS PROTECT.,,scraped,2026-08-07T18:19:00.509927,
9c891492a0d3d35c,https://uk.linkedin.com/jobs/view/estimator-at-bennett-game-recruitment-limited-4447740389,Estimator,,scraped,2026-08-07T18:19:06.993271,
a23933e1d6aecdd4,https://uk.linkedin.com/jobs/view/yards-person-at-cappagh-browne-4448188962,Yards Person,,scraped,2026-08-07T18:19:14.180229,
57646e5a49b8b730,https://uk.linkedin.com/jobs/view/b-stock-solutions-at-spectrum-equity-4448491956,B-Stock Solutions,Spectrum Equity,failed|wp_post_failed,2026-08-07T18:19:38.474174,
e879caa29d0dd14a,https://uk.linkedin.com/jobs/view/postal-delivery-driver-at-royal-mail-4434886644,Postal Delivery Driver,,scraped,2026-08-07T18:19:41.108469,
874d5df3b91390dd,https://uk.linkedin.com/jobs/view/labourer-at-taylor-wimpey-plc-4449484425,Labourer,,scraped,2026-08-07T18:19:47.571623,
2811e2cb4c8e26d1,https://uk.linkedin.com/jobs/view/community-at-program-delta-performance-group-4446277899,Community,Program Delta Performance Group,failed|wp_post_failed,2026-08-07T18:20:11.588038,
90468c6ef36ca231,https://uk.linkedin.com/jobs/view/school-cameras-may-protect-students-but-who-protects-the-footage%3F-at-cameron-newspapers-citizen-observer-cameron-shopper-4448915646,School cameras may protect students. But who protects the footage?,Cameron Newspapers | Citizen Observer &amp; Cameron Shopper,failed|wp_post_failed,2026-08-07T18:20:29.031185,
01abbf7e9bd0705d,https://uk.linkedin.com/jobs/view/administrator-at-steris-4441217930,Administrator,STERIS,failed|wp_post_failed,2026-08-07T18:20:46.134330,
8234c376ba7e56b5,https://uk.linkedin.com/jobs/view/evening-hygiene-operative-at-dunbia-group-4448852405,Evening Hygiene Operative,,scraped,2026-08-07T18:20:48.938156,
609b1443aed1be27,https://uk.linkedin.com/jobs/view/poultry-caretaker-at-tyson-foods-4437663670,Poultry Caretaker,Tyson Foods,failed|wp_post_failed,2026-08-07T18:21:11.197163,
36556599a7a07db0,https://uk.linkedin.com/jobs/view/multi-skilled-generic-at-nhs-shetland-4450281820,Multi Skilled Generic,,scraped,2026-08-07T18:21:13.999421,
9d6af72c311eb2f2,https://uk.linkedin.com/jobs/view/menu-at-bevoxe-4448109623,Menu,Bevoxe,failed|wp_post_failed,2026-08-07T18:21:37.491156,
0faf5a6454702f0a,https://uk.linkedin.com/jobs/view/superbly-located-at-the-bourse-in-leeds-at-xpress-retail-ltd-4449689472,Superbly located at The Bourse in Leeds,Xpress Retail Ltd,failed|wp_post_failed,2026-08-07T18:21:54.407318,
e06c13c6017036f3,https://uk.linkedin.com/jobs/view/oops%21-at-rentyard2-4449097390,Oops!,Rentyard2,failed|wp_post_failed,2026-08-07T18:22:12.576404,
0e4543a1bf9a238b,https://uk.linkedin.com/jobs/view/how-about-benefits%3F-at-speaker-carl-e-heastie-community-relations-department-4447363439,How About Benefits?,Speaker Carl E. Heastie Community Relations Department,failed|wp_post_failed,2026-08-07T18:22:30.074042,
d6382fa0f2a09466,https://uk.linkedin.com/jobs/view/corporate-positions-at-the-semenza-agency-4448598840,Corporate Positions,The Semenza Agency,failed|wp_post_failed,2026-08-07T18:22:47.282303,
9511f14550c594e5,https://uk.linkedin.com/jobs/view/black-knight%0Aconsulting-group-at-black-knight-consulting-group-4449675298,"BLACK KNIGHT
CONSULTING GROUP",Black Knight Consulting Group,failed|wp_post_failed,2026-08-07T18:23:04.245642,
a98423a5b6ae1f8c,https://uk.linkedin.com/jobs/view/vacancies-at-east-ayrshire-council-4450674576,Vacancies,,scraped,2026-08-07T18:23:06.856636,
f604d34754365820,https://uk.linkedin.com/jobs/view/explore-the-factory-at-chapar-ai-4449652939,Explore the Factory,Chapar.ai,failed|wp_post_failed,2026-08-07T18:23:29.404161,
bbd740ba1c9fe00c,https://uk.linkedin.com/jobs/view/kitsch-catch-at-mus%C3%A9e-international-des-arts-modestes-4449643656,KITSCH CATCH,Musée International des Arts Modestes,failed|wp_post_failed,2026-08-07T18:23:47.410147,
3eb0a8fa39e50b5f,https://uk.linkedin.com/jobs/view/ide-dame-at-apea-seine-mer-4449986458,IDE DAME,,scraped,2026-08-07T18:23:50.183485,
82233e9c1372f012,https://uk.linkedin.com/jobs/view/paul-at-goska-management-4448967408,PAUL,Goska Management,failed|wp_post_failed,2026-08-07T18:24:11.588214,
cfb28bd82585ac36,https://uk.linkedin.com/jobs/view/website-moderator-database-administrator-at-kelltron-identity-4449059920,Website Moderator & Database Administrator,,scraped,2026-08-07T18:24:14.398757,
456ea08b34ac461f,https://uk.linkedin.com/jobs/view/ecosia-at-apply-coop-4448033885,Ecosia,apply.coop,failed|wp_post_failed,2026-08-07T18:24:35.808053,
506b2c702a4bd4e1,https://uk.linkedin.com/jobs/view/primary-school-teacher-at-gaspi-4448955184,Primary School Teacher,GASPI,failed|wp_post_failed,2026-08-07T18:24:53.108675,
8d7520f31aed1a66,https://uk.linkedin.com/jobs/view/diwaniya-box-at-patti-more%21-4447894173,Diwaniya Box,,scraped,2026-08-07T18:24:55.712656,
83c9eeb0233dd01c,https://uk.linkedin.com/jobs/view/dcs-scanning-cs-at-iron-mountain-4447596539,DCS Scanning & CS,Iron Mountain,failed|wp_post_failed,2026-08-07T18:25:16.996473,
59cf7484aafafe92,https://uk.linkedin.com/jobs/view/employment-advisor-at-the-salvation-army-uk-and-ireland-territory-4450606503,Employment Advisor,,scraped,2026-08-07T18:25:19.668561,
dde3bb2295056078,https://uk.linkedin.com/jobs/view/community-payback-supervisor-chippenham-south-west-ref-20789-at-hm-prison-and-probation-service-4448283282,Community Payback Supervisor - Chippenham (South West) (Ref: 20789),,scraped,2026-08-07T18:25:27.327991,
d1b7c986185259eb,https://uk.linkedin.com/jobs/view/estimator-at-stirling-warrington-4447730517,Estimator,,scraped,2026-08-07T18:25:34.908812,
d60b17d04f20bb21,https://uk.linkedin.com/jobs/view/cleaner-at-education-authority-northern-ireland-4447622938,Cleaner,Education Authority (Northern Ireland),failed|wp_post_failed,2026-08-07T18:26:01.885591,
d72a82d7648abe82,https://uk.linkedin.com/jobs/view/housekeeper-at-busy-bees-nurseries-4447744050,Housekeeper,,scraped,2026-08-07T18:26:04.626928,
8adb02f564ba1762,https://uk.linkedin.com/jobs/view/general-porter-at-betsi-cadwaladr-university-health-board-4448319004,General Porter,,scraped,2026-08-07T18:26:12.329489,
fd48ca7ef25a4f4b,https://uk.linkedin.com/jobs/view/water-sports-at-proshoots-brasil-4448016222,Water Sports,,scraped,2026-08-07T18:26:20.084019,
fdf6dd997ecda295,https://uk.linkedin.com/jobs/view/general-operative-escort-driver-at-balfour-beatty-plc-4446651072,General Operative - Escort Driver,,scraped,2026-08-07T18:26:27.445907,
4df3d408d100bad0,https://uk.linkedin.com/jobs/view/enforcement-officer-at-marston-holdings-4448167717,Enforcement Officer,,scraped,2026-08-07T18:26:35.311737,
b31d9c225616508d,https://uk.linkedin.com/jobs/view/kitchen-porter-at-wagamama-4450352113,kitchen porter,,scraped,2026-08-07T18:26:45.543792,
20b24adac33e94b5,https://uk.linkedin.com/jobs/view/digital-well-at-crewto%C2%AE-4449628875,digital well,Crewto®,failed|wp_post_failed,2026-08-07T18:27:10.390237,
73aa47beb2738e99,https://uk.linkedin.com/jobs/view/administrator-at-am-global-4448413823,Administrator,AM Global,failed|wp_post_failed,2026-08-07T18:28:05.447156,
07c0bca278553fb6,https://uk.linkedin.com/jobs/view/hr-labs-rest-up-at-tropicana-wholesale-tropicana-health-and-fitness-ltd-4448772389,HR Labs Rest Up,,scraped,2026-08-07T18:28:08.203257,
c8b2ec14df8928ac,https://uk.linkedin.com/jobs/view/support-worker-the-bus-shelter-dorset-at-dorset-council-uk-4450336442,Support Worker - The Bus Shelter Dorset,,scraped,2026-08-07T18:28:17.274185,
2d572dc5cbf8df87,https://uk.linkedin.com/jobs/view/premises-assistant-at-essex-county-council-4450317621,Premises Assistant,Essex County Council,failed|wp_post_failed,2026-08-07T18:28:42.933629,
bb7798719a70e3f9,https://uk.linkedin.com/jobs/view/sales-recruitment-consultant-at-the-fedcap-group-4447815367,Sales/Recruitment Consultant,The Fedcap Group,failed|wp_post_failed,2026-08-07T18:29:00.902789,
bb95c3687aff1737,https://uk.linkedin.com/jobs/view/spaces-matter-at-careers-building-communities-4450731162,Spaces matter.,Careers Building Communities,failed|wp_post_failed,2026-08-07T18:29:18.372141,
e03864005e7ef1e3,https://uk.linkedin.com/jobs/view/recruitment-consultant-at-recruitment-republic-4448812671,Recruitment Consultant,Recruitment Republic,failed|wp_post_failed,2026-08-07T18:29:36.252813,
65e471a6d46128fe,https://uk.linkedin.com/jobs/view/water-delivery-technician-at-culligan-uk-4448851307,Water Delivery Technician,,scraped,2026-08-07T18:29:38.981211,
61d3e4943e9ef11d,https://uk.linkedin.com/jobs/view/safer-active-journeys-officer-at-kent-county-council-4440677727,Safer Active Journeys Officer,Kent County Council,failed|wp_post_failed,2026-08-07T18:30:05.771042,
f8453861028da2f7,https://uk.linkedin.com/jobs/view/croupier-at-genting-casinos-4447736447,Croupier,Genting Casinos,failed|wp_post_failed,2026-08-07T18:30:25.140441,
81f7a0a511a0a338,https://uk.linkedin.com/jobs/view/tunnel-attendant-at-go%21wash-4449906769,Tunnel Attendant,Go!Wash,failed|wp_post_failed,2026-08-07T18:30:43.664116,
827ac5b42ada04ca,https://uk.linkedin.com/jobs/view/estimator-at-mansell-recruitment-group-4446657981,Estimator,,scraped,2026-08-07T18:30:46.399139,
db8014323fee062b,https://uk.linkedin.com/jobs/view/scope-check-at-syndicateos-ai-4448025360,Scope Check,SyndicateOS.ai,failed|wp_post_failed,2026-08-07T18:31:10.734289,
218117aa92a493df,https://uk.linkedin.com/jobs/view/account-manager-at-credit-g-limited-4450207055,Account Manager,CREDIT G LIMITED,failed|wp_post_failed,2026-08-07T18:31:29.538223,
5b22f32f97f636ab,https://uk.linkedin.com/jobs/view/recruitment-consultant-at-meridian-business-support-4448087340,Recruitment Consultant,,scraped,2026-08-07T18:31:32.459692,
222272e0282d36f7,https://uk.linkedin.com/jobs/view/speculative-application-barony-at-egger-group-4267603564,Speculative Application Barony,,scraped,2026-08-07T18:31:40.537535,
601e57d1cb2caf6d,https://uk.linkedin.com/jobs/view/application-form-at-universum-construction-4448972873,Application form,,scraped,2026-08-07T18:31:48.141122,
19e2e933e981eba0,https://uk.linkedin.com/jobs/view/billing-manager-at-independent-schools-%E2%80%8B-bursars-association-4448494786,Billing Manager,,scraped,2026-08-07T18:31:56.445074,
7234be984eb0f101,https://uk.linkedin.com/jobs/view/home-delivery-driver-at-iceland-foods-4441274851,Home Delivery Driver,,scraped,2026-08-07T18:32:03.949908,
8b114d366dea143b,https://uk.linkedin.com/jobs/view/home-delivery-driver-at-iceland-foods-4441291021,Home Delivery Driver,,scraped,2026-08-07T18:32:14.304507,
e4d4b1a78c4c5747,https://uk.linkedin.com/jobs/view/home-delivery-driver-at-iceland-foods-4433304132,Home Delivery Driver,,scraped,2026-08-07T18:32:23.653835,
33abcc87523056f0,https://uk.linkedin.com/jobs/view/site-operative-at-independent-schools-%E2%80%8B-bursars-association-4448499688,Site Operative,,scraped,2026-08-07T18:32:34.088241,
f71118d3c4b83b82,https://uk.linkedin.com/jobs/view/home-delivery-driver-at-iceland-foods-4448324239,Home Delivery Driver,,scraped,2026-08-07T18:32:41.357212,
90f6adc8eaa18a88,https://uk.linkedin.com/jobs/view/prison-support-hmp-bullingdon-at-hm-prison-and-probation-service-hmpps-4448702257,Prison Support - HMP Bullingdon,,scraped,2026-08-07T18:32:53.168268,
349e53c6097a037d,https://uk.linkedin.com/jobs/view/leisure-attendant-at-independent-schools-%E2%80%8B-bursars-association-4448496798,Leisure Attendant,,scraped,2026-08-07T18:33:00.670791,
0435761380a0b0bd,https://uk.linkedin.com/jobs/view/bursar-at-independent-schools-%E2%80%8B-bursars-association-4448494778,Bursar,,scraped,2026-08-07T18:33:07.922703,
df6bed26f53d8cf7,https://uk.linkedin.com/jobs/view/relief-dispenser-at-boots-uk-4450220801,Relief Dispenser,Boots UK,failed|wp_post_failed,2026-08-07T18:34:08.707200,
992bee1fedc70d05,https://uk.linkedin.com/jobs/view/roadside-rescue-patrol-high-wycombe-at-the-aa-4372880821,Roadside Rescue Patrol - High Wycombe,,scraped,2026-08-07T18:34:11.324515,
6a396c7ac11f7cac,https://uk.linkedin.com/jobs/view/home-delivery-driver-at-iceland-foods-4450048919,Home Delivery Driver,,scraped,2026-08-07T18:34:18.162056,
b84b2b97dbc7bc4c,https://uk.linkedin.com/jobs/view/dispenser-at-boots-uk-4447745950,Dispenser,Boots UK,failed|wp_post_failed,2026-08-07T18:35:21.355273,
4fec81903077e51e,https://uk.linkedin.com/jobs/view/market-street-baker-at-morrisons-4437282113,Market Street Baker,,scraped,2026-08-07T18:35:24.199342,
70ce5f6054cc09ed,https://uk.linkedin.com/jobs/view/home-delivery-driver-at-iceland-foods-4448330144,Home Delivery Driver,,scraped,2026-08-07T18:35:32.711674,
756ee0dfdc9b6be9,https://uk.linkedin.com/jobs/view/dispenser-at-boots-uk-4448861045,Dispenser,Boots UK,failed|wp_post_failed,2026-08-07T18:36:34.419696,
5ede06cd4362180a,https://uk.linkedin.com/jobs/view/dispenser-at-boots-uk-4448839979,Dispenser,Boots UK,scraped,2026-08-07T18:37:15.475033,
4ec1300a01b0b16e,https://uk.linkedin.com/jobs/view/maintenance-technician-at-tesco-4447974429,Maintenance Technician,Tesco,failed|wp_post_failed,2026-08-07T18:37:37.347150,
fda5a15ffbec3a1d,https://uk.linkedin.com/jobs/view/home-delivery-driver-at-iceland-foods-4448322252,Home Delivery Driver,,scraped,2026-08-07T18:37:40.183913,
de647365cb18111e,https://uk.linkedin.com/jobs/view/prison-support-hmp-the-verne-and-hmp-portland-at-hm-prison-and-probation-service-hmpps-4449632280,Prison Support - HMP The Verne and HMP Portland,,scraped,2026-08-07T18:37:50.828737,
7e211f67b2372027,https://uk.linkedin.com/jobs/view/prison-support-hmp-the-verne-and-hmp-portland-at-hm-prison-and-probation-service-hmpps-4449623295,Prison Support - HMP The Verne and HMP Portland,,scraped,2026-08-07T18:37:58.851394,
0ba414f58639e7a2,https://uk.linkedin.com/jobs/view/property-visiting-officer-at-royal-borough-of-windsor-and-maidenhead-4448886085,Property Visiting Officer,Royal Borough of Windsor and Maidenhead,failed|wp_post_failed,2026-08-07T18:38:23.200877,
72bc9a45b59de052,https://uk.linkedin.com/jobs/view/packer-driver-at-inpost-uk-4448865893,Packer / Driver,InPost UK,failed|wp_post_failed,2026-08-07T18:38:44.756792,
ba6e445a36b68d1a,https://uk.linkedin.com/jobs/view/exam-invigilators-at-tove-learning-trust-4450374042,Exam Invigilators,,scraped,2026-08-07T18:38:47.532966,
627dd83d11c2bd52,https://uk.linkedin.com/jobs/view/networking-tips-for-young-professionals-at-tunheim-4450099671,Networking Tips for Young Professionals,Tunheim,failed|wp_post_failed,2026-08-07T18:39:11.939949,
cf2ebb79781d006a,https://uk.linkedin.com/jobs/view/operative-at-ringway-london-4450266888,Operative,,scraped,2026-08-07T18:39:14.740073,
d3b7e2d59f72db01,https://uk.linkedin.com/jobs/view/solar-panel-installer-at-gaspi-4448957055,Solar Panel Installer,GASPI,failed|wp_post_failed,2026-08-07T18:39:36.340718,
60cd024191fa80a2,https://uk.linkedin.com/jobs/view/facilities-team-member-at-unite-students-4448203425,Facilities Team Member,Unite Students,failed|wp_post_failed,2026-08-07T18:39:53.452530,
90d2e7b58234a4f2,https://uk.linkedin.com/jobs/view/paul-knops-at-ms-represents-4447938363,PAUL KNOPS,,scraped,2026-08-07T18:39:56.165743,
0c4e513872adcd69,https://uk.linkedin.com/jobs/view/recruitment-consultant-at-barrington-james-4448890955,Recruitment Consultant,,scraped,2026-08-07T18:40:03.367349,
8376bd7131dce6d5,https://uk.linkedin.com/jobs/view/home-delivery-driver-at-iceland-foods-4449006460,Home Delivery Driver,,scraped,2026-08-07T18:40:11.264951,
ec6b5fe43e2fae50,https://uk.linkedin.com/jobs/view/arranging-support-team-broker-at-torbay-and-south-devon-nhs-foundation-trust-4449634065,Arranging Support Team Broker,,scraped,2026-08-07T18:40:21.315816,
a37f85c4b06e8add,https://uk.linkedin.com/jobs/view/ai-layoff-anxiety-is-fueling-employee-disengagement-at-cameron-newspapers-citizen-observer-cameron-shopper-4448921637,AI layoff anxiety is fueling employee disengagement,Cameron Newspapers | Citizen Observer &amp; Cameron Shopper,failed|wp_post_failed,2026-08-07T18:40:43.781175,
50b25f26f8ab4270,https://uk.linkedin.com/jobs/view/florist-at-black7-4448518961,Florist,Black7,failed|wp_post_failed,2026-08-07T18:41:01.203056,
21b1a868c5e565c8,https://uk.linkedin.com/jobs/view/home-delivery-driver-at-iceland-foods-4447794511,Home Delivery Driver,,scraped,2026-08-07T18:41:03.818286,
018a79bcc34f08c8,https://uk.linkedin.com/jobs/view/roadside-rescue-patrol-hertfordshire-at-the-aa-4391954446,Roadside Rescue Patrol - Hertfordshire,,scraped,2026-08-07T18:41:13.502257,
6e99918cd9d3c51a,https://uk.linkedin.com/jobs/view/email-%2B-linkedin-api-for-ai-recruiting-agents-at-myagentmail-4449115471,Email + LinkedIn API for AI recruiting agents,,scraped,2026-08-07T18:41:21.864355,
e9bac5a6d4dd39e5,https://uk.linkedin.com/jobs/view/service-team-member-at-cobb-4422984067,Service Team Member,Cobb,failed|wp_post_failed,2026-08-07T18:41:44.730031,
4a2c629bfcc8a21d,https://uk.linkedin.com/jobs/view/housekeeping-porter-at-haven-4446677089,Housekeeping Porter,Haven,failed|wp_post_failed,2026-08-07T18:42:28.557730,
5b8eec40a2e22a0e,https://uk.linkedin.com/jobs/view/dispenser-at-boots-uk-4448140402,Dispenser,Boots UK,failed|wp_post_failed,2026-08-07T18:43:22.408835,
6ac65b329a1611bb,https://uk.linkedin.com/jobs/view/enforcement-officer-at-marston-holdings-4448316926,Enforcement Officer,,scraped,2026-08-07T18:43:25.266631,
923b8adc0fc19244,https://uk.linkedin.com/jobs/view/join-our-talent-community-at-rm-technology-4447316211,Join Our Talent Community,,scraped,2026-08-07T18:43:35.940342,
7b6fdc219df9b9b7,https://uk.linkedin.com/jobs/view/developer-contributions-monitoring-officer-at-suffolk-county-council-4446453756,Developer Contributions Monitoring Officer,,scraped,2026-08-07T18:43:42.588698,
c550d3c94ff7b747,https://uk.linkedin.com/jobs/view/dispenser-at-boots-uk-4448314944,Dispenser,Boots UK,failed|wp_post_failed,2026-08-07T18:44:44.183767,
0001c81357441ef4,https://uk.linkedin.com/jobs/view/planning-consultant-at-vella-recruitment-4449619301,Planning Consultant,,scraped,2026-08-07T18:44:46.883350,
4e5c11ec68533eb2,https://uk.linkedin.com/jobs/view/salt-field-project-manager-at-chumkriel-language-school-cls-4447645571,Salt Field Project Manager,,scraped,2026-08-07T18:44:53.870307,
7d0b1616c0230477,https://uk.linkedin.com/jobs/view/surrey-at-karibu-community-homes-4449133648,Surrey,,scraped,2026-08-07T18:45:01.294567,
39b773eb4cc59a64,https://uk.linkedin.com/jobs/view/driver-s-mate-at-carlsberg-britvic-4446224757,Driver's Mate,Carlsberg Britvic,failed|wp_post_failed,2026-08-07T18:45:24.070263,
309fd4401f2788be,https://uk.linkedin.com/jobs/view/carleton-university-blueprint-at-the-carleton-high-tea-society-4449456962,Carleton University Blueprint,The Carleton High Tea Society,failed|wp_post_failed,2026-08-07T18:45:41.283113,
7767760ff60577d0,https://uk.linkedin.com/jobs/view/female-bank-support-worker-eastbourne-at-brainkind-4445832783,Female Bank Support Worker - Eastbourne,,scraped,2026-08-07T18:45:43.842472,
33e30b7651d3455e,https://uk.linkedin.com/jobs/view/valeter-at-arnold-clark-4449124283,Valeter,,scraped,2026-08-07T18:45:51.777087,
02e24304a61fc124,https://uk.linkedin.com/jobs/view/enabler-0-23-hours-at-torbay-council-4450221323,Enabler - 0.23 Hours,,scraped,2026-08-07T18:45:59.174839,
29f0ad8b88d11b16,https://uk.linkedin.com/jobs/view/service-driver-at-gap-group-limited-4441170782,Service Driver,,scraped,2026-08-07T18:46:06.509254,
d1563069736a085e,https://uk.linkedin.com/jobs/view/driver-at-lyreco-group-4449676276,Driver,,scraped,2026-08-07T18:46:14.246504,
820ea3ed78316bef,https://uk.linkedin.com/jobs/view/team-member-at-costa-coffee-ireland-4450320751,Team Member,,scraped,2026-08-07T18:46:20.982984,
000fe97d35d940bd,https://uk.linkedin.com/jobs/view/hearing-aid-dispenser-at-specsavers-4450605662,Hearing Aid Dispenser,,scraped,2026-08-07T18:46:28.131721,
21a9c5b8f8bcff7a,https://uk.linkedin.com/jobs/view/hr-labs-basic-510g-at-tropicana-wholesale-tropicana-health-and-fitness-ltd-4448776236,HR Labs BASIC 510g,,scraped,2026-08-07T18:46:35.154985,
c9b1dd8efe28bc63,https://uk.linkedin.com/jobs/view/hygiene-operative-at-ocs-4449602014,Hygiene Operative,OCS,failed|wp_post_failed,2026-08-07T18:47:01.654221,
55f079ddeb5cf53c,https://uk.linkedin.com/jobs/view/priya-sharmaaat-at-practice-insider-4449406722,Priya SharmaAAT,Practice Insider,failed|wp_post_failed,2026-08-07T18:47:19.041136,
daab6663ef251e56,https://uk.linkedin.com/jobs/view/yard-operative-handyperson-at-wernick-group-limited-4449127331,Yard Operative/handyperson,,scraped,2026-08-07T18:47:21.872159,
07f7fa64b76979fc,https://uk.linkedin.com/jobs/view/postperson-with-driving-at-royal-mail-4437223945,Postperson with Driving,,scraped,2026-08-07T18:47:29.742098,
c0a53b1cea1e0602,https://uk.linkedin.com/jobs/view/resource-officer-at-cambridgeshire-constabulary-4450311773,Resource Officer,Cambridgeshire Constabulary,failed|wp_post_failed,2026-08-07T18:47:54.561074,
1e837ad7535ec925,https://uk.linkedin.com/jobs/view/community-payback-supervisor-outcome-in-a-day-cardiff-and-vale-wales-ref-20857-at-hm-prison-and-probation-service-4448528941,Community Payback Supervisor - Outcome in a Day - Cardiff and Vale (Wales) (Ref: 20857),,scraped,2026-08-07T18:47:57.294563,
fe61e11816704bd2,https://uk.linkedin.com/jobs/view/lodge-hosts-at-carbis-bay-studio-4449478144,Lodge Hosts,Carbis Bay Studio,failed|wp_post_failed,2026-08-07T18:48:23.302062,
196ea9823beb97bd,https://uk.linkedin.com/jobs/view/traffic-management-operative-at-class-one-traffic-management-4447466508,Traffic Management Operative,,scraped,2026-08-07T18:48:25.945339,
3d8f5148dafc86c1,https://uk.linkedin.com/jobs/view/join-our-talent-pool-at-granola-4371311308,Join our Talent Pool,,scraped,2026-08-07T18:48:33.808406,
10b685f80a558547,https://uk.linkedin.com/jobs/view/work-benefits-at-chitkara-institute-of-medical-sciences-4448934691,Work Benefits,Chitkara Institute of Medical Sciences,failed|wp_post_failed,2026-08-07T18:48:55.861548,
9c0ac3ab572751e2,https://uk.linkedin.com/jobs/view/barista-at-cobra-coffee-4450317840,Barista,,scraped,2026-08-07T18:48:58.498783,
1c6f5769fab7ff96,https://uk.linkedin.com/jobs/view/performance-optimization-at-uxgeek-tech-4448051132,Performance optimization,UXGeek.tech,failed|wp_post_failed,2026-08-07T18:49:20.411071,
b3a54743c9eb66c5,https://uk.linkedin.com/jobs/view/caredig-6-x-vacancies%21-at-swansea-council-for-voluntary-service-swanseacvs-4449918703,Caredig - 6 x vacancies!,,scraped,2026-08-07T18:49:23.157133,
548cf9c55c63c632,https://uk.linkedin.com/jobs/view/epos-systems-administrator-at-ocs-4450318544,Epos Systems Administrator,OCS,failed|wp_post_failed,2026-08-07T18:49:47.786137,
ea0df78cc24a4b3a,https://uk.linkedin.com/jobs/view/collections-and-network-driver-at-royal-mail-4446673953,Collections and Network Driver,,scraped,2026-08-07T18:49:50.514036,
aa10656e0f63b752,https://uk.linkedin.com/jobs/view/brooke-davies-at-day-mgmt-uk-4447302800,Brooke Davies,Day MGMT UK,failed|wp_post_failed,2026-08-07T18:50:13.532947,
c7d2cc53878704c0,https://uk.linkedin.com/jobs/view/delivery-recruiter-at-hypha-recruit-rec2rec-specialists-4450250591,Delivery Recruiter,,scraped,2026-08-07T18:50:16.387867,
8f3194fa62ed8520,https://uk.linkedin.com/jobs/view/ai-stack-for-high-performers-at-inbrief-ai-4447308530,AI Stack for High Performers,InBrief.ai,failed|wp_post_failed,2026-08-07T18:50:38.505466,
b86a389ad148d558,https://uk.linkedin.com/jobs/view/leasing-consultant-at-caffyns-chery-ashford-4449063837,Leasing Consultant,Caffyns Chery Ashford,failed|wp_post_failed,2026-08-07T18:50:56.165107,
570ca5d813c58161,https://uk.linkedin.com/jobs/view/recruitment-consultant-at-its-bristol-ltd-4445818825,Recruitment Consultant,ITS (BRISTOL) LTD,failed|wp_post_failed,2026-08-07T18:51:13.879467,
b1e0149806fc6ef4,https://uk.linkedin.com/jobs/view/key-master-at-mag-airports-group-4449631652,Key Master,,scraped,2026-08-07T18:51:16.713940,
222a2221eff3af54,https://uk.linkedin.com/jobs/view/night-hygiene-operative-at-dunbia-group-4447182525,Night Hygiene Operative,,scraped,2026-08-07T18:51:23.222565,
d8239e07740bb6c3,https://uk.linkedin.com/jobs/view/hounslow-at-karibu-community-homes-4449141521,Hounslow,,scraped,2026-08-07T18:51:30.414521,
38a57e28b2b5a38d,https://uk.linkedin.com/jobs/view/join-our-talent-community-at-hymans-robertson-4332029502,Join Our Talent Community,,scraped,2026-08-07T18:51:38.264004,
34ed330eef64a31a,https://uk.linkedin.com/jobs/view/estimator-hvac-industry-at-bucks-and-berks-recruitment-limited-4450263902,Estimator - HVAC Industry,BUCKS AND BERKS RECRUITMENT LIMITED,failed|wp_post_failed,2026-08-07T18:52:00.748631,
19879c5ef155423b,https://uk.linkedin.com/jobs/view/rewards-and-benefits%0Alearn-more-at-nserc-create-training-program-for-controlled-release-leaders-control-%C2%A0-4450747201,"Rewards and Benefits
Learn More",,scraped,2026-08-07T18:52:03.529650,
e06796b7ceb8a3cc,https://uk.linkedin.com/jobs/view/recruitment-consultant-at-fawkes-reece-4446615218,Recruitment Consultant,,scraped,2026-08-07T18:52:12.592174,
d5160f1250eeb4b4,https://uk.linkedin.com/jobs/view/payroll-officer-at-barchester-healthcare-4450351353,Payroll Officer,,scraped,2026-08-07T18:52:22.618910,
10d1e151735e40ae,https://uk.linkedin.com/jobs/view/why-crm-implementations-fail%3F-at-xorvex-4449150075,Why CRM Implementations Fail?,Xorvex,failed|wp_post_failed,2026-08-07T18:52:45.085431,
e45d194b4fa20569,https://uk.linkedin.com/jobs/view/cleansing-operative-driver-at-suffolk-jobs-direct-4448871190,Cleansing Operative/Driver,Suffolk Jobs Direct,failed|wp_post_failed,2026-08-07T18:53:01.775407,
e7eb286469efb191,https://uk.linkedin.com/jobs/view/open-sollicitatie-at-oostland-company-4449965956,Open sollicitatie,,scraped,2026-08-07T18:53:04.360348,
91d5129f65c62bbe,https://uk.linkedin.com/jobs/view/dani-venn-at-day-mgmt-uk-4447304670,Dani Venn,Day MGMT UK,failed|wp_post_failed,2026-08-07T18:53:27.025345,
98f2c267f9650065,https://uk.linkedin.com/jobs/view/prison-support-hmp-the-verne-and-hmp-portland-at-hm-prison-and-probation-service-hmpps-4449643134,Prison Support - HMP The Verne and HMP Portland,,scraped,2026-08-07T18:53:29.794540,
5339d2a0caaea296,https://uk.linkedin.com/jobs/view/prison-support-hmp-the-verne-and-hmp-portland-at-hm-prison-and-probation-service-hmpps-4449626304,Prison Support - HMP The Verne and HMP Portland,,scraped,2026-08-07T18:53:37.519589,
a2637b991537a751,https://uk.linkedin.com/jobs/view/prison-support-hmp-the-verne-and-hmp-portland-at-hm-prison-and-probation-service-hmpps-4450242861,Prison Support - HMP The Verne and HMP Portland,,scraped,2026-08-07T18:53:43.575573,
a84de37782e6e055,https://uk.linkedin.com/jobs/view/prison-support-hmp-the-verne-and-hmp-portland-at-hm-prison-and-probation-service-hmpps-4449634252,Prison Support - HMP The Verne and HMP Portland,,scraped,2026-08-07T18:53:49.697391,
f263bcf8212e92db,https://uk.linkedin.com/jobs/view/prison-support-hmp-the-verne-and-hmp-portland-at-hm-prison-and-probation-service-hmpps-4449619306,Prison Support - HMP The Verne and HMP Portland,,scraped,2026-08-07T18:53:55.757466,
14b3e8e6eccb5e80,https://uk.linkedin.com/jobs/view/home-delivery-driver-oxford-at-iceland-foods-4448119045,Home Delivery Driver - Oxford,,scraped,2026-08-07T18:54:01.834334,
f46013e14c1bf821,https://uk.linkedin.com/jobs/view/home-delivery-driver-at-iceland-foods-4447894343,Home Delivery Driver,,scraped,2026-08-07T18:54:11.856604,
5906c4f4bba91e99,https://uk.linkedin.com/jobs/view/home-delivery-driver-at-iceland-foods-4440071402,Home Delivery Driver,,scraped,2026-08-07T18:54:22.610758,
904e817ad73046f9,https://uk.linkedin.com/jobs/view/market-street-baker-at-morrisons-4437279202,Market Street Baker,,scraped,2026-08-07T18:54:31.963583,
c4d101e72660e445,https://uk.linkedin.com/jobs/view/market-street-baker-at-morrisons-4437279199,Market Street Baker,,scraped,2026-08-07T18:54:40.249731,
bc8b8866118473bd,https://uk.linkedin.com/jobs/view/driver-home-delivery-at-morrisons-4445525751,Driver - Home Delivery,,scraped,2026-08-07T18:54:48.292270,
c625c4ae36bebc0e,https://uk.linkedin.com/jobs/view/prison-support-hmp-bullingdon-at-hm-prison-and-probation-service-hmpps-4449620399,Prison Support - HMP Bullingdon,,scraped,2026-08-07T18:54:56.408407,
67145a3f5bde9c5b,https://uk.linkedin.com/jobs/view/roadside-rescue-patrol-south-essex-at-the-aa-4450350624,Roadside Rescue Patrol - South Essex,,scraped,2026-08-07T18:55:03.006762,
6a8598e808143cda,https://uk.linkedin.com/jobs/view/brooke-mcintyre-at-ms-represents-4447923303,BROOKE MCINTYRE,,scraped,2026-08-07T18:55:09.950547,
522f48c3103650ab,https://uk.linkedin.com/jobs/view/roadside-rescue-patrol-st-albans-at-the-aa-4370608355,Roadside Rescue Patrol - St Albans,,scraped,2026-08-07T18:55:17.169355,
f1f7905e792c42af,https://uk.linkedin.com/jobs/view/home-delivery-driver-at-iceland-foods-4439317350,Home Delivery Driver,,scraped,2026-08-07T18:55:24.046004,
db5912bdbc1162ac,https://uk.linkedin.com/jobs/view/roadside-rescue-patrol-kingsbridge-at-the-aa-4440239705,Roadside Rescue Patrol - Kingsbridge,,scraped,2026-08-07T18:55:33.481987,
233954c1c553473e,https://uk.linkedin.com/jobs/view/roadside-rescue-patrol-maidstone-at-the-aa-4450350636,Roadside Rescue Patrol - Maidstone,,scraped,2026-08-07T18:55:40.229514,
5c52fff36271a717,https://uk.linkedin.com/jobs/view/home-delivery-driver-at-iceland-foods-4448335062,Home Delivery Driver,,scraped,2026-08-07T18:55:47.274384,
026cabe0e7ae868e,https://uk.linkedin.com/jobs/view/market-street-baker-at-morrisons-4446250347,Market Street Baker,,scraped,2026-08-07T18:55:56.431918,
e4f30a04b6d2cbaf,https://uk.linkedin.com/jobs/view/cleaner-at-ocs-4447766917,Cleaner,OCS,failed|wp_post_failed,2026-08-07T18:56:21.784783,
d0dba5600d9cc35e,https://uk.linkedin.com/jobs/view/prison-support-hmp-the-verne-and-hmp-portland-at-hm-prison-and-probation-service-hmpps-4449637204,Prison Support - HMP The Verne and HMP Portland,,scraped,2026-08-07T18:56:24.431120,
6c556a729dac059d,https://uk.linkedin.com/jobs/view/roadside-rescue-patrol-harlow-at-the-aa-4391955415,Roadside Rescue Patrol - Harlow,,scraped,2026-08-07T18:56:30.707113,
40602458ab5effb6,https://uk.linkedin.com/jobs/view/home-delivery-driver-at-iceland-foods-4448109230,Home Delivery Driver,,scraped,2026-08-07T18:56:37.561030,
1a626fd26128dfed,https://uk.linkedin.com/jobs/view/home-delivery-driver-at-iceland-foods-4448863022,Home Delivery Driver,,scraped,2026-08-07T18:56:49.261655,
763cd57e3f482d40,https://uk.linkedin.com/jobs/view/roadside-rescue-patrol-stirling-and-tay-at-the-aa-4450341816,Roadside Rescue Patrol - Stirling and Tay,,scraped,2026-08-07T18:56:58.538536,
e0ca2d1b7d8df47c,https://uk.linkedin.com/jobs/view/driver-home-delivery-at-morrisons-4431239667,Driver - Home Delivery,,scraped,2026-08-07T18:57:05.310482,
58afbfc3e38c69ee,https://uk.linkedin.com/jobs/view/matt-hales-at-ms-represents-4447927576,MATT HALES,,scraped,2026-08-07T18:57:13.483344,
1315ead0129e92e7,https://uk.linkedin.com/jobs/view/goods-on-hold-operative-register-your-interest-at-dpd-uk-4450090254,Goods on Hold Operative - Register your interest,,scraped,2026-08-07T18:57:20.606445,
f22c19e4ee0fca69,https://uk.linkedin.com/jobs/view/prison-support-hmp-grendon-and-spring-hill-at-hm-prison-and-probation-service-hmpps-4448905780,Prison Support - HMP Grendon and Spring Hill,,scraped,2026-08-07T18:57:27.595998,
c2778e7b3f07a124,https://uk.linkedin.com/jobs/view/driver-at-richmond-villages-4449635759,Driver,,scraped,2026-08-07T18:57:33.484884,
30504e9100693a23,https://uk.linkedin.com/jobs/view/relief-dispenser-at-boots-uk-4449658760,Relief Dispenser,Boots UK,failed|wp_post_failed,2026-08-07T18:58:33.258871,
3aa53ab61cb4e732,https://uk.linkedin.com/jobs/view/window-cleaner-at-antac-support-services-ltd-4449687184,Window Cleaner,,scraped,2026-08-07T18:58:35.927425,
e88443718334d84e,https://uk.linkedin.com/jobs/view/complaints-officer-at-sandwell-children-s-trust-4447714222,Complaints Officer,,scraped,2026-08-07T18:58:46.282157,
09c02b2571a56e56,https://uk.linkedin.com/jobs/view/building-safety-technician-at-west-oxfordshire-district-council-4447743358,Building Safety Technician,,scraped,2026-08-07T18:58:55.010202,
12bdd70529bea9ef,https://uk.linkedin.com/jobs/view/operative-track-maintenance-at-network-rail-4449692488,Operative [Track Maintenance],,scraped,2026-08-07T18:59:01.708596,
e89f30d5cc354d03,https://uk.linkedin.com/jobs/view/cleaning-operative-exeter-at-gov-facility-services-ltd-gfsl-4446699303,Cleaning Operative Exeter,,scraped,2026-08-07T18:59:09.283970,
298fd7af651d72d6,https://uk.linkedin.com/jobs/view/machinery-valet-at-tallis-amos-group-4449338273,Machinery Valet,Tallis Amos Group,failed|wp_post_failed,2026-08-07T18:59:35.172217,
da444cc956586bb5,https://uk.linkedin.com/jobs/view/hygiene-operative-at-ocs-4447719496,Hygiene Operative,OCS,failed|wp_post_failed,2026-08-07T18:59:54.086142,
1b361e8ede1d7ef1,https://uk.linkedin.com/jobs/view/valeter-at-arnold-clark-4450340072,Valeter,,scraped,2026-08-07T18:59:56.803103,
80fb5eec12f9ca06,https://uk.linkedin.com/jobs/view/this-elementary-school-is-achieving-high-reading-scores-a-million-words-at-a-time-at-cameron-newspapers-citizen-observer-cameron-shopper-4448917693,This elementary school is achieving high reading scores a million words at a time,Cameron Newspapers | Citizen Observer &amp; Cameron Shopper,failed|wp_post_failed,2026-08-07T19:00:21.960077,
7f7fd9d69c4de6d4,https://uk.linkedin.com/jobs/view/hygiene-operative-at-ocs-4449097847,Hygiene Operative,OCS,scraped,2026-08-07T19:00:27.611310,
16bc47b52dc06096,https://uk.linkedin.com/jobs/view/stock-controller-at-dhl-supply-chain-4450639204,Stock Controller,DHL Supply Chain,failed|wp_post_failed,2026-08-07T19:01:13.451682,
6147cd0c15af307d,https://uk.linkedin.com/jobs/view/barback-at-stonegate-group-4448317570,Barback,,scraped,2026-08-07T19:01:16.332064,
30ba621890c840b7,https://uk.linkedin.com/jobs/view/property-manager-at-places-for-people-4450224270,Property Manager,,scraped,2026-08-07T19:01:23.641098,
4e74084f0503fe14,https://uk.linkedin.com/jobs/view/support-at-drift-ai-4447355297,Support,Drift AI,failed|wp_post_failed,2026-08-07T19:01:45.740271,
8dc444d6afe7307a,https://uk.linkedin.com/jobs/view/information-system-manager-at-teja-machinery-pvt-ltd-india-4449090559,Information System Manager,,scraped,2026-08-07T19:01:48.488538,
779c9210648e1c16,https://uk.linkedin.com/jobs/view/payroll-specialist-at-balanced-hiring-4450224251,Payroll Specialist,Balanced Hiring,failed|wp_post_failed,2026-08-07T19:02:11.249592,
3e3d3f1f125997da,https://uk.linkedin.com/jobs/view/multi-trade-%C2%A335047-58-%C2%A336597-60-per-annum-plus-company-van-40-hours-per-week-at-bcha-4450754011,"Multi Trade (£35047.58 - £36597.60 per annum, plus company van) 40 hours per week.",,scraped,2026-08-07T19:02:14.042304,
581d3d61a64922f7,https://uk.linkedin.com/jobs/view/image-browser-at-svetoviz-4450618836,Image Browser,,scraped,2026-08-07T19:02:21.650552,
09536d7757d9d334,https://uk.linkedin.com/jobs/view/traffic-management-operative-at-chevron-traffic-management-4449404878,Traffic Management Operative,,scraped,2026-08-07T19:02:28.090024,
8de9704edcb409a3,https://uk.linkedin.com/jobs/view/supervisor-at-sweaty-betty-4445888203,Supervisor,,scraped,2026-08-07T19:02:36.568031,
23a7a67ed79b8487,https://uk.linkedin.com/jobs/view/mobile-caretaker-at-equans-4448263739,Mobile Caretaker,,scraped,2026-08-07T19:02:43.275284,
e7fadb155754fb2e,https://uk.linkedin.com/jobs/view/parcelforce-collection-delivery-driver-at-parcelforce-worldwide-4438710794,Parcelforce Collection & Delivery Driver,Parcelforce Worldwide,failed|wp_post_failed,2026-08-07T19:03:08.882827,
2a0b82f9a5d52de5,https://uk.linkedin.com/jobs/view/nplq-lifeguard-at-haven-4450044783,NPLQ Lifeguard,Haven,failed|wp_post_failed,2026-08-07T19:03:53.203523,
4122b77523c6c392,https://uk.linkedin.com/jobs/view/workday-hcm-consultant-at-kainos-4432402264,Workday HCM Consultant,,scraped,2026-08-07T19:03:55.914070,
4243fc1e2c5d7bb9,https://uk.linkedin.com/jobs/view/business-development-manager-bdm-exeter-circa-41k-basic-53k-ote-uncapped-at-yell-4450700551,Business Development Manager (BDM) -  Exeter-  Circa 41k Basic - 53k OTE Uncapped,,scraped,2026-08-07T19:04:02.854076,
ae8ed2387f71538f,https://uk.linkedin.com/jobs/view/job-posting-loss-prevention-and-building-maintenance-coordinator-at-ayr-farmers-mutual-insurance-company-4448766672,Job Posting: Loss Prevention and Building Maintenance Coordinator,,scraped,2026-08-07T19:04:12.114627,
70bdee55b4111645,https://uk.linkedin.com/jobs/view/market-street-baker-at-morrisons-4437269801,Market Street Baker,,scraped,2026-08-07T19:04:18.931175,
e7b142fd40de73a3,https://uk.linkedin.com/jobs/view/receptionist-at-young-s-pubs-4447800973,Receptionist,,scraped,2026-08-07T19:04:27.096999,
071770e9e83b794f,https://uk.linkedin.com/jobs/view/estimator-at-stirling-warrington-4447747395,Estimator,,scraped,2026-08-07T19:04:33.666239,
b52a4333bc57552c,https://uk.linkedin.com/jobs/view/tyrwhitt-all-stores-at-powering-change-team-million-makers-4449478597,Tyrwhitt All Stores,Powering Change Team - Million Makers,failed|wp_post_failed,2026-08-07T19:04:58.521096,
d411fafb3d7d6ca4,https://uk.linkedin.com/jobs/view/soft-play-team-member-at-greene-king-4448388991,Soft Play Team Member,,scraped,2026-08-07T19:05:01.274776,
a952afa8ad0b53f8,https://uk.linkedin.com/jobs/view/athletes-and-sports-competitors-at-jobspeopledo-com-4449600171,Athletes and Sports Competitors,JobsPeopleDo.com,failed|wp_post_failed,2026-08-07T19:05:24.023637,
39bce58e52758514,https://uk.linkedin.com/jobs/view/care-assistant-guaranteed-hours-at-agincare-4450601908,Care Assistant - Guaranteed hours,,scraped,2026-08-07T19:05:26.616987,
cf94c59d9e2c2a92,https://uk.linkedin.com/jobs/view/recruitment-consultant-at-market-36-recruitment-4449640424,Recruitment Consultant,,scraped,2026-08-07T19:05:35.542559,
ef33f746b5141514,https://uk.linkedin.com/jobs/view/valeter-chorley-at-chorley-group-4447869795,Valeter | Chorley,,scraped,2026-08-07T19:05:43.572966,
d024bbd33ce18f60,https://uk.linkedin.com/jobs/view/commodities-technician-at-charles-trent-ltd-4448445009,Commodities Technician,,scraped,2026-08-07T19:05:51.225781,
01153440c1c9a021,https://uk.linkedin.com/jobs/view/customer-delivery-driver-cheltenham-superstore-at-tesco-4449162410,Customer Delivery Driver - Cheltenham Superstore,Tesco,failed|wp_post_failed,2026-08-07T19:06:16.043969,
9c219d60ec630025,https://uk.linkedin.com/jobs/view/hearing-aid-dispenser-at-specsavers-4441217918,Hearing Aid Dispenser,,scraped,2026-08-07T19:06:18.852634,
62569e7f94a0de20,https://uk.linkedin.com/jobs/view/corporate-gatherings-emerge-as-key-driver-of-employee-retention-at-cameron-newspapers-citizen-observer-cameron-shopper-4448928508,Corporate gatherings emerge as key driver of employee retention,Cameron Newspapers | Citizen Observer &amp; Cameron Shopper,failed|wp_post_failed,2026-08-07T19:06:40.760933,
f20dd75c165f1267,https://uk.linkedin.com/jobs/view/process-technician-at-meridian-business-support-limited-4447729513,Process Technician,MERIDIAN BUSINESS SUPPORT LIMITED,failed|wp_post_failed,2026-08-07T19:06:58.194974,
f33c95df58dc1015,https://uk.linkedin.com/jobs/view/building-inspector-role-2-at-nhbc-4448246201,Building Inspector (Role 2),,scraped,2026-08-07T19:07:00.789517,
c365e717cd1336f9,https://uk.linkedin.com/jobs/view/network-permit-officer-streetworks-at-bcp-council-4446645604,Network Permit Officer - Streetworks,,scraped,2026-08-07T19:07:08.098428,
f813bafe8175645f,https://uk.linkedin.com/jobs/view/property-surveyor-at-rentokil-initial-careers-4448885529,Property Surveyor,,scraped,2026-08-07T19:07:15.603885,
a0c0c14e583be623,https://uk.linkedin.com/jobs/view/proposal-writer-at-gaming-laboratories-international-llc-4391157681,Proposal Writer,"Gaming Laboratories International, LLC",failed|wp_post_failed,2026-08-07T19:07:36.636664,
0f29eb79da2d040b,https://uk.linkedin.com/jobs/view/kitchen-team-at-pizzaexpress-4450274218,Kitchen Team,,scraped,2026-08-07T19:07:39.366321,
09e94be317b2a909,https://uk.linkedin.com/jobs/view/mixing-room-am-at-finnebrogue-4446248795,Mixing Room Am,,scraped,2026-08-07T19:07:46.419411,
09ca9c4c8e3dc44a,https://uk.linkedin.com/jobs/view/register-your-interest-assistant-banking-manager-exeter-plymouth-truro-at-handelsbanken-4429469577,"Register Your Interest - Assistant Banking Manager - Exeter, Plymouth & Truro",,scraped,2026-08-07T19:07:54.494576,
01c04043e276fd88,https://uk.linkedin.com/jobs/view/hygienist-at-gxo-logistics-inc-4450274854,Hygienist,"GXO Logistics, Inc.",failed|wp_post_failed,2026-08-07T19:08:18.422944,
42915615ce90c9da,https://uk.linkedin.com/jobs/view/home-delivery-driver-at-sainsbury-s-4449207223,Home Delivery Driver,,scraped,2026-08-07T19:08:20.933157,
018a31b7f83ce39a,https://uk.linkedin.com/jobs/view/vehicle-technician-at-bells-kia-pbv-centre-4448965652,Vehicle Technician,Bells Kia PBV Centre,failed|wp_post_failed,2026-08-07T19:08:43.271827,
b039563ef63ec57a,https://uk.linkedin.com/jobs/view/site-associate-brighton-at-deliveroo-4447613207,Site Associate - Brighton,,scraped,2026-08-07T19:08:45.939760,
c69e4adfb381607b,https://uk.linkedin.com/jobs/view/helpdesk-coordinator-at-united-infrastructure-ltd-4419078352,Helpdesk Coordinator,United Infrastructure Ltd,failed|wp_post_failed,2026-08-07T19:09:07.485476,
f1d023fa76d8218d,https://uk.linkedin.com/jobs/view/escort-fabric-operative-portland-at-gov-facility-services-ltd-gfsl-4450649116,Escort/Fabric Operative Portland,,scraped,2026-08-07T19:09:10.178624,
87992ca4a98ee68f,https://uk.linkedin.com/jobs/view/hammersmith-fulham-at-karibu-community-homes-4449154257,Hammersmith & Fulham,,scraped,2026-08-07T19:09:17.570537,
fe088ac5ea34d634,https://uk.linkedin.com/jobs/view/general-assistant-bank-at-barchester-healthcare-4448251226,General Assistant - Bank,,scraped,2026-08-07T19:09:25.243879,
460fbf1f85461801,https://uk.linkedin.com/jobs/view/cleaning-jobs-%E2%80%93-salisbury-at-nanogreen-sustainable-facilities-management-certified-b-corp-4446648387,Cleaning Jobs – Salisbury,,scraped,2026-08-07T19:09:32.952868,
87128801c81e4116,https://uk.linkedin.com/jobs/view/delivery-driver-at-workplace-solutions-inc-s3-4449660310,Delivery Driver,"Workplace Solutions, Inc. S3",failed|wp_post_failed,2026-08-07T19:09:57.241088,
d5cf1803f7336e3a,https://uk.linkedin.com/jobs/view/team-member-at-the-rickety-press-4445823118,TEAM MEMBER,The Rickety Press,failed|wp_post_failed,2026-08-07T19:10:15.486645,
5d2352062ca40a61,https://uk.linkedin.com/jobs/view/connor-robinson-at-ms-represents-4447918485,CONNOR ROBINSON,,scraped,2026-08-07T19:10:18.046291,
0c97ef2bb814a4ea,https://uk.linkedin.com/jobs/view/accommodation-technician-at-sunbelt-rentals-uk-ireland-4432138326,Accommodation Technician,,scraped,2026-08-07T19:10:24.867337,
8583dbf3879795ab,https://uk.linkedin.com/jobs/view/remote-paraplanner-at-eden-rose-4448554183,Remote Paraplanner,,scraped,2026-08-07T19:10:31.398746,
c0f7d9a95998ff1c,https://uk.linkedin.com/jobs/view/pool-shift-leader-at-haven-4445537167,Pool Shift Leader,Haven,failed|wp_post_failed,2026-08-07T19:11:23.762447,
92949576063c1f70,https://uk.linkedin.com/jobs/view/class-2-driver-at-carlsberg-britvic-4391153268,Class 2 Driver,Carlsberg Britvic,failed|wp_post_failed,2026-08-07T19:11:41.917508,
16aaee61a5d188a9,https://uk.linkedin.com/jobs/view/loading-bay-operative-at-dunbia-group-4447186452,Loading Bay Operative,,scraped,2026-08-07T19:11:44.555602,
d6556759aac73413,https://uk.linkedin.com/jobs/view/tutors-teaching-assistants-at-looparoo-4449969941,Tutors & Teaching Assistants,Looparoo,failed|wp_post_failed,2026-08-07T19:12:10.923896,
36dc8aaa0e41f709,https://uk.linkedin.com/jobs/view/estimator-at-pws-technical-services-uk-ltd-4447746492,Estimator,PWS TECHNICAL SERVICES (UK) LTD,failed|wp_post_failed,2026-08-07T19:12:29.086143,
0e3ab22607df8a2b,https://uk.linkedin.com/jobs/view/team-member-at-costa-coffee-ireland-4449743458,Team Member,,scraped,2026-08-07T19:12:31.623550,
f383ece1365876c8,https://uk.linkedin.com/jobs/view/don-t-see-your-role%3F-%F0%9F%91%80-send-us-your-cv-anyway%21-at-flash-pack-4449753826,Don't see your role? 👀 Send us your CV anyway!,,scraped,2026-08-07T19:12:38.709608,
63cd48838e0cc411,https://uk.linkedin.com/jobs/view/team-member-at-young-s-pubs-4449466129,Team Member,,scraped,2026-08-07T19:12:45.172240,
72a27644091e8ac9,https://uk.linkedin.com/jobs/view/maintenance-operative-at-hc-one-4448783162,Maintenance Operative,,scraped,2026-08-07T19:12:51.460930,
aa07db989e59f969,https://uk.linkedin.com/jobs/view/yard-operative-at-suez-4448527117,Yard Operative,,scraped,2026-08-07T19:12:58.857981,
91b670ad92e917b4,https://uk.linkedin.com/jobs/view/career-changer-security-officer-at-securitas-uk-4446624570,Career Changer - Security Officer,,scraped,2026-08-07T19:13:05.516166,
7b95243324892b2e,https://uk.linkedin.com/jobs/view/mess-accounts-clerk-at-ess-%E2%80%93-defence-energy-and-government-services-4448310338,Mess Accounts Clerk,,scraped,2026-08-07T19:13:12.439966,
817561ac1da5bea3,https://uk.linkedin.com/jobs/view/lifeguard-at-places-for-people-4450230228,Lifeguard,,scraped,2026-08-07T19:13:20.283835,
a28301c91c5f232a,https://uk.linkedin.com/jobs/view/furniture-technician-handyman-at-g4s-4448481952,Furniture Technician / Handyman,G4S,failed|wp_post_failed,2026-08-07T19:13:46.839693,
bfff5a93d9291117,https://uk.linkedin.com/jobs/view/hybrid-council-tax-benefits-assessor-at-local-government-chronicle-4447320458,Hybrid Council Tax & Benefits Assessor,,scraped,2026-08-07T19:13:49.460168,
694caf3d26c3db12,https://uk.linkedin.com/jobs/view/open-sollicitatie-at-b%D1%90ta-industrie-b-v-4448974505,Open Sollicitatie,BЀTA Industrie B.V.,failed|wp_post_failed,2026-08-07T19:14:11.955762,
ff0507b73b146798,https://uk.linkedin.com/jobs/view/roadside-assist-patrol-edinburgh-at-the-aa-4423939930,Roadside Assist Patrol - Edinburgh,,scraped,2026-08-07T19:14:14.652797,
246adad3c71ac90a,https://uk.linkedin.com/jobs/view/hygiene-operative-at-morrisons-4448792147,Hygiene Operative,,scraped,2026-08-07T19:14:21.584745,
66157c95ecbcfa4d,https://uk.linkedin.com/jobs/view/market-street-baker-at-morrisons-4438702902,Market Street Baker,,scraped,2026-08-07T19:14:29.986403,
2b9a194355008ca2,https://uk.linkedin.com/jobs/view/home-delivery-driver-at-iceland-foods-4448316890,Home Delivery Driver,,scraped,2026-08-07T19:14:38.074519,
91fc140a8d0b1eec,https://uk.linkedin.com/jobs/view/prison-support-hmp-bullingdon-at-hm-prison-and-probation-service-hmpps-4448496356,Prison Support - HMP Bullingdon,,scraped,2026-08-07T19:14:47.370791,
cff6010933df8049,https://uk.linkedin.com/jobs/view/prison-support-hmp-bullingdon-at-hm-prison-and-probation-service-hmpps-4448916415,Prison Support - HMP Bullingdon,,scraped,2026-08-07T19:14:54.146310,
b6cd439f1e5d7345,https://uk.linkedin.com/jobs/view/market-street-baker-at-morrisons-4436626271,Market Street Baker,,scraped,2026-08-07T19:14:59.918585,
a3f685612a8cc5bc,https://uk.linkedin.com/jobs/view/driver-at-rentokil-initial-careers-4448315137,Driver,,scraped,2026-08-07T19:15:07.962726,
fcfcbf40d44fe73a,https://uk.linkedin.com/jobs/view/market-street-baker-at-morrisons-4437268835,Market Street Baker,,scraped,2026-08-07T19:15:14.363398,
2d5b85468dcf372a,https://uk.linkedin.com/jobs/view/dispenser-at-boots-uk-4449645898,Dispenser,Boots UK,failed|wp_post_failed,2026-08-07T19:16:16.802805,
aecef0315f8ac75d,https://uk.linkedin.com/jobs/view/driver-home-delivery-at-morrisons-4434543504,Driver - Home Delivery,,scraped,2026-08-07T19:16:19.582585,
ac5ddc719f5dd39c,https://uk.linkedin.com/jobs/view/driver-home-delivery-at-morrisons-4448027268,Driver - Home Delivery,,scraped,2026-08-07T19:16:27.430221,
b0d2b3f07829a0ec,https://uk.linkedin.com/jobs/view/what-does-an-aging-population-mean-for-economic-growth%3F-at-cameron-newspapers-citizen-observer-cameron-shopper-4450013619,What does an aging population mean for economic growth?,Cameron Newspapers | Citizen Observer &amp; Cameron Shopper,failed|wp_post_failed,2026-08-07T19:16:50.554169,
7022052c3749cb9d,https://uk.linkedin.com/jobs/view/roadside-assist-patrol-crawley-and-guildford-at-the-aa-4370626004,Roadside Assist Patrol - Crawley and Guildford,,scraped,2026-08-07T19:16:53.092290,
7ee6c5e5422ee9a1,https://uk.linkedin.com/jobs/view/companies-spend-six-figures-on-ai-a-third-of-employees-don-t-know-what-it-costs-at-cameron-newspapers-citizen-observer-cameron-shopper-4450023389,Companies spend six figures on AI. A third of employees don't know what it costs,Cameron Newspapers | Citizen Observer &amp; Cameron Shopper,failed|wp_post_failed,2026-08-07T19:17:25.759257,
a697e7fab627ab41,https://uk.linkedin.com/jobs/view/cleaner-at-ocs-4450309729,Cleaner,OCS,failed|wp_post_failed,2026-08-07T19:17:45.156199,
11a25445bc85cba0,https://uk.linkedin.com/jobs/view/team-welfare-coordinator-at-haven-4445526231,Team Welfare Coordinator,Haven,failed|wp_post_failed,2026-08-07T19:18:30.280383,
22209f2866b657fd,https://uk.linkedin.com/jobs/view/highway-maintenance-workers-at-jobspeopledo-com-4449607081,Highway Maintenance Workers,JobsPeopleDo.com,failed|wp_post_failed,2026-08-07T19:18:48.727782,
268631b923eee556,https://uk.linkedin.com/jobs/view/prison-support-hmp-bullingdon-at-hm-prison-and-probation-service-hmpps-4448905781,Prison Support - HMP Bullingdon,,scraped,2026-08-07T19:18:51.346051,
f59e1638bd6b8d1a,https://uk.linkedin.com/jobs/view/prison-support-hmp-bullingdon-at-hm-prison-and-probation-service-hmpps-4448491402,Prison Support - HMP Bullingdon,,scraped,2026-08-07T19:18:57.378136,
